time,cpu0,cpu1,cpu2,cpu3,cpu4,cpu5,cpu6,cpu7,cpu8,cpu9,cpu10,cpu11,cpu12,cpu13,cpu14,cpu15,cpu16,cpu17,cpu18,cpu19,cpu20,cpu21,cpu22,cpu23,cpu24,cpu25,cpu26,cpu27,cpu28,cpu29,cpu30,cpu31,cpu32,cpu33,cpu34,cpu35,cpu36,cpu37,cpu38,cpu39,cpu40,cpu41,cpu42,cpu43,cpu44,cpu45,cpu46,cpu47,cpu48,cpu49,cpu50,cpu51,cpu52,cpu53,cpu54,cpu55,cpu56,cpu57,cpu58,cpu59,cpu60,cpu61,cpu62,cpu63,cpu64,cpu65,cpu66,cpu67,cpu68,cpu69,cpu70,cpu71,cpu72,cpu73,cpu74,cpu75,cpu76,cpu77,cpu78,cpu79,cpu80,cpu81,cpu82,cpu83,cpu84,cpu85,cpu86,cpu87,cpu88,cpu89,cpu90,cpu91,cpu92,cpu93,cpu94,cpu95,rss,kb_rd,kb_wr,kb_ccwr,iodelay
1718177053,0,0,0,0,0,0,0,0,0,0,81.19,69.31,55.45,0,0,0,0,0,87.13,0,0,0,86.14,0,0,0,0,0,0,0,0,0,0,0,3.96,0,0,98.02,0,87.13,0,0,0,0,0,0,0,0,0,0,0,0,0,0,0,0,0,89.11,0,0,0,0,0,0,0,0,0,0,0,0,0,0,0,0,0,0,0,0,0,0.0,0,0,0,0,0,0,0,0,0,0,0,0,0,0,0,0,1651200,413401.98,0.0,0.0,0
1718177054,0,0,0,0,0,0,0,0,0,0,0,0,0,0,0,86.0,0,57.0,85.0,0,0,0,0,0,0,0,0,0,0,0,0,0,0,0,0,0,0,0,45.0,91.0,0,0,0,0,0,0,0,94.0,0,0,0,0,0,86.0,0,0,0,0,0,0,0,0,0,0,0,0,0,0,0,0,0,0,0,0,0,0,0,0,0,13.0,0,0,0,0,0,0,0,0,0,0,0,0,89.0,61.0,0,0,2881536,405376.0,0.0,0.0,0
1718177055,0,0,0,0,0,0,0,0,0,0,0,0,0,0,0,85.0,0,0,86.0,0,0,0,0,0,0,0,0,0,0,0,0,0,0,0,0,0,0,0,0,88.0,0,0,0,0,0,0,0,93.0,0,0,0,0,0,88.0,0,0,0,0,0,0,0,56.0,0,0,0,24.0,0,0,0,0,0,0,0,0,0,0,0,0,0,6.0,0,0,0,0,0,0,0,0,0,0,0,0,0,56.0,85.0,0,4078080,391424.0,0.0,0.0,0
1718177056,0,70.0,0,0,0,0,0,0,0,0,0,0,0,0,0,84.0,0,0,82.0,0,0,0,0,0,0,0,0,0,84.0,0,0,0,0,0,0,0,0,0,0,86.0,0,0,0,0,0,0,0,95.0,0,0,0,0,0,85.0,0,0,0,0,0,0,0,0,0,0,0,0,0,8.0,0,0,0,0,0,0,0,0,0,0,0,3.0,0,0,0,0,0,0,0,0,0,0,0,0,0,57.0,0,0,5319168,405888.0,0.0,0.0,0
1718177057,0,0,53.0,0,30.0,0,0,87.0,0,0,0,68.0,82.0,0,0,0,0,0,0,0,0,0,0,0,0,0,0,0,0,0,0,0,0,0,0,0,0,0,0,87.0,0,0,0,86.0,0,0,0,93.0,0,0,0,0,0,86.0,0,0,0,0,0,0,0,0,0,0,0,0,0,0,0,0,0,0,0,0,0,0,0,0,0,14.0,0,0,0,0,0,0,0,0,0,0,0,0,0,0,0,0,6528768,396544.0,0.0,0.0,0
1718177058,0,6.0,0,90.0,4.0,0,0,7.0,0,0,0,6.0,6.0,0,0,0,0,90.0,0,91.0,0,0,0,0,0,0,0,0,0,0,0,0,0,0,0,0,0,0,0,8.0,0,0,0,8.0,0,0,0,8.0,91.0,0,0,0,0,7.0,0,0,0,0,0,0,0,90.0,0,0,0,0,0,0,0,91.0,0,0,0,0,0,0,0,0,0,3.0,0,0,0,91.0,0,0,0,0,0,90.0,0,0,0,0,0,0,6974208,0.0,0.0,0.0,0
1718177059,0,0.0,0,0,0.0,0,0,0.0,0,0,0,0.0,0.0,0,100.0,0,0,100.0,0,100.0,0,0,0,0,0,0,0,0,0,0,0,0,0,0,0,0,0,0,0,0.0,0,0,0,0.0,0,0,0,0.0,100.0,0,0,0,0,0.0,0,0,0,0,0,0,0,100.0,0,0,0,0,0,0,0,100.0,0,0,0,0,0,0,0,0,0,0.0,0,0,0,100.0,0,0,0,0,0,101.0,0,0,0,0,0,0,6931972,0.0,956.0,0.0,0
1718177060,0,0.0,100.0,0,0.0,0,0,0.0,0,0,0,0.0,0.0,0,100.0,0,0,0,0,0,0,0,0,0,0,0,0,0,0,0,100.0,0,0,0,0,0,0,0,0,0.0,0,0,0,0.0,0,0,0,0.0,100.0,0,0,0,0,0.0,0,0,0,0,0,0,0,100.0,0,0,0,0,0,0,0,99.0,0,0,0,0,0,0,0,0,0,0.0,0,0,0,100.0,0,0,0,0,0,99.0,0,0,0,0,0,0,6635920,0.0,22660.0,0.0,0
1718177061,100.0,0,0,0,0,0,0,0,0,0,0,0,0,0,0,0,0,0,0,0,0,0,0,0,0,0,0,0,0,0,0,0,0,0,0,0,0,0,0,0,0,0,0,0,0,0,0,0,99.0,0,0,0,0,0,0,0,0,0,0,0,0,100.0,0,0,0,0,0,0,0,101.0,0,0,0,0,0,0,0,0,0,0,0,0,0,100.0,0,0,0,100.0,0,100.0,0,0,0,99.0,0,0,6635920,0.0,22492.0,0.0,0
1718177062,100.0,100.0,101.0,0,0,0,0,0,0,0,0,0,0,0,0,0,0,0,0,0,0,0,0,0,0,0,0,0,0,0,0,0,0,0,0,0,0,0,0,0,0,0,0,0,0,0,0,0,0,0,0,0,0,0,0,0,0,0,0,0,0,0,0,0,0,0,0,0,0,99.0,0,0,0,0,0,0,0,0,0,0,0,0,0,99.0,0,0,0,100.0,0,101.0,0,0,0,100.0,0,0,6635920,0.0,22464.0,0.0,0
1718177063,101.0,101.0,99.0,0,0,0,0,0,0,0,0,0,0,0,0,0,0,0,0,0,0,0,0,0,0,0,0,0,0,0,0,0,0,0,0,0,0,0,0,0,0,0,0,0,0,0,0,0,0,0,0,0,0,0,0,0,0,0,0,0,0,0,0,0,0,0,0,0,0,100.0,0,0,0,0,0,0,0,0,0,0,0,0,0,100.0,0,0,0,100.0,0,99.0,0,0,0,101.0,0,0,6635920,0.0,21032.0,0.0,0
1718177064,99.0,0.0,100.0,0,0.0,0,0,0.0,0,0,0,0.0,0.0,0,0,0,0,0,0,0,0,0,0,0,0,0,0,0,0,0,0,0,0,0,0,0,0,0,0,0.0,0,0,0,0.0,0,0,0,0.0,0,0,0,0,0,0.0,0,0,0,0,0,0,0,0,0,0,0,0,0,0,0,100.0,0,0,0,0,0,0,0,0,0,0.0,0,0,0,100.0,0,99.0,0,100.0,0,100.0,0,0,0,99.0,0,0,6636688,0.0,21624.0,0.0,0
1718177065,101.0,0,0,0,0,0,0,0,0,0,0,101.0,0,0,0,100.0,0,0,0,0,0,0,0,0,0,0,0,0,0,0,0,0,0,0,0,0,0,0,0,0,0,0,0,0,0,0,0,0,0,0,0,0,0,0,0,0,0,0,0,0,0,0,0,0,0,0,0,0,0,100.0,0,0,0,0,0,0,0,0,0,0,0,0,0,101.0,0,100.0,0,0,0,101.0,0,0,0,100.0,0,0,6636688,0.0,21956.0,0.0,0
1718177066,0,0,0,0,0,0,0,0,0,0,0,0,0,0,0,101.0,0,0,0,0,0,0,0,0,0,0,0,0,0,0,0,0,0,0,0,0,0,0,0,0,0,0,0,99.0,0,0,0,0,100.0,0,0,0,0,0,0,0,0,0,0,0,0,0,0,0,0,0,0,0,0,100.0,0,0,0,0,0,0,0,0,0,0,0,0,0,99.0,0,100.0,0,0,0,99.0,0,0,0,101.0,0,0,6636688,0.0,22412.0,0.0,0
1718177067,0,0,0,0,0,0,0,0,0,0,0,0,0,0,0,0,0,0,0,0,0,0,0,0,0,0,0,0,0,0,99.0,0,0,0,0,0,0,0,0,0,0,0,0,100.0,0,0,0,0,100.0,0,0,0,0,0,0,0,0,0,0,0,0,0,0,0,0,0,0,0,0,101.0,0,0,0,0,0,0,0,0,0,0,0,0,0,101.0,0,101.0,0,0,0,100.0,0,0,0,100.0,0,0,6636688,0.0,22444.0,0.0,0
1718177068,0,100.0,0,100.0,0,0,0,0,0,0,0,0,0,0,0,0,0,0,0,0,0,0,0,0,0,0,0,0,0,0,0,0,0,0,0,0,0,0,0,0,0,0,0,0,0,0,0,0,99.0,0,0,0,0,0,0,0,0,0,0,0,0,0,0,0,0,0,0,0,0,99.0,0,0,0,0,0,0,0,0,0,0,0,0,0,99.0,0,98.0,0,0,0,100.0,0,0,0,100.0,0,0,6636688,0.0,22452.0,0.0,0
1718177069,0,100.0,0,100.0,0,0,0,0,0,0,0,0,0,0,0,0,0,0,0,0,0,0,0,0,0,0,0,0,0,0,0,0,0,0,0,0,0,0,0,0,0,0,0,0,0,0,0,0,100.0,0,0,0,0,0,0,0,0,0,0,0,0,0,0,0,0,0,0,0,0,100.0,0,0,0,0,0,0,0,0,0,0,0,0,0,101.0,0,100.0,0,0,0,100.0,0,0,0,99.0,0,0,6636688,0.0,22604.0,0.0,0
1718177070,101.0,0,0,100.0,0,0,0,0,0,0,0,0,0,0,0,0,0,0,0,0,0,0,0,0,0,0,0,0,0,0,0,0,0,0,0,0,0,0,0,0,0,0,0,0,0,0,0,0,0,0,0,0,0,0,0,0,0,0,0,0,0,0,0,100.0,0,0,0,0,0,100.0,0,0,0,0,0,0,0,0,0,0,0,0,0,99.0,0,100.0,0,0,0,100.0,0,0,0,100.0,0,0,6636688,0.0,22612.0,0.0,0
1718177071,100.0,0,0,0,0,0,0,0,0,0,0,0,0,0,0,0,0,0,0,0,0,0,0,0,0,0,0,0,0,0,0,0,98.0,0,0,0,0,0,0,0,0,0,0,0,0,0,0,0,0,0,0,0,0,0,0,0,0,0,0,0,0,0,0,101.0,0,0,0,0,0,100.0,0,0,0,0,0,0,0,0,0,0,0,0,0,100.0,0,100.0,0,0,0,100.0,0,0,0,100.0,0,0,6636688,0.0,22608.0,0.0,0
1718177072,0,100.0,0,0,0,0,0,0,0,0,0,0,0,0,0,0,0,0,0,0,0,0,0,0,0,0,0,0,0,0,0,0,100.0,0,0,0,0,0,0,0,0,0,0,0,0,0,0,0,0,0,0,0,0,0,0,0,0,0,0,0,0,0,0,100.0,0,0,0,0,0,0,0,0,0,0,0,0,0,0,0,0,0,0,0,0,0,0,0,0,0,0,0,0,0,0,0,0,6636688,0.0,22172.0,0.0,0
1718177073,0,0.0,0,0,0.0,0,0,0.0,0,0,0,0.0,0.0,0,0,0,0,0,0,0,0,0,0,0,0,0,0,0,0,0,0,0,100.0,0,0,0,0,0,0,0.0,0,0,0,0.0,0,0,0,0.0,0,0,0,0,0,0.0,0,0,0,0,0,0,0,0,0,0,0,0,0,0,0,0,0,0,0,0,0,0,0,0,0,0.0,0,0,0,0,0,0,0,0,0,0,0,0,0,0,0,0,6636688,0.0,21964.0,0.0,0
1718177074,53.0,0,0,0,66.0,0,0,77.0,0,77.0,0,0,77.0,0,0,0,0,0,0,0,0,0,0,0,0,0,0,0,0,0,0,0,0,0,0,0,0,0,0,78.0,0,0,0,77.0,0,0,0,72.0,0,0,0,0,0,77.0,0,0,0,0,0,0,0,0,0,0,0,0,0,0,0,0,0,0,0,0,0,0,0,0,0,74.0,0,0,0,0,0,0,0,0,0,0,0,0,0,0,0,0,6636688,446720.0,0.0,0.0,0
1718177075,58.0,99.0,0,99.0,100.0,100.0,0,0,0,0,0,0,0,0,0,0,0,0,0,0,0,0,99.0,0,100.0,0,0,0,0,0,0,0,0,0,0,0,0,0,0,100.0,0,0,0,0,0,0,0,73.0,0,0,0,0,0,0,0,0,0,0,0,0,0,0,0,0,0,0,0,0,0,0,0,0,0,0,0,0,0,0,0,0,0,99.0,0,0,0,0,0,0,0,0,0,0,0,0,0,0,6636688,670976.0,0.0,0.0,0
1718177076,0,100.0,56.0,100.0,99.0,100.0,0,0,0,0,0,0,0,0,0,0,0,0,0,0,0,0,100.0,0,100.0,0,0,0,0,0,0,0,0,0,0,0,0,0,0,99.0,0,0,0,0,0,0,0,78.0,0,0,0,0,0,0,0,0,0,0,0,0,0,0,0,0,0,0,0,0,0,0,0,0,0,0,0,0,0,0,0,0,0,99.0,0,0,0,0,0,0,0,0,0,0,0,0,0,0,6636688,677760.0,0.0,0.0,0
1718177077,44.0,0,0,54.0,0,0,0,45.0,0,0,0,53.0,0,0,0,53.0,0,0,0,0,0,44.0,51.0,0,55.0,0,0,0,0,0,0,0,0,0,0,0,0,44.0,0,0,0,0,0,0,0,0,0,0,0,0,0,0,0,0,0,0,0,0,0,0,0,0,0,0,0,0,53.0,0,0,0,0,44.0,0,44.0,0,44.0,31.0,44.0,0,0,0,52.0,0,44.0,0,0,0,0,0,0,0,0,0,0,53.0,0,6976912,0.0,0.0,0.0,0
1718177078,100.0,0,100.0,0,0,0,0,0,0,0,0,0,0,0,0,0,0,0,0,0,0,0,0,0,0,0,0,0,0,0,0,0,0,0,0,0,0,100.0,0,0,0,0,0,0,0,0,0,0,0,0,0,0,0,0,0,0,0,0,0,0,0,0,0,0,0,0,0,0,0,0,0,100.0,0,100.0,0,100.0,0,100.0,0,0,0,0,0,100.0,0,0,0,0,0,0,0,0,0,0,0,0,6976912,0.0,0.0,0.0,0
1718177079,100.0,0,100.0,0.0,100.0,0,0,0.0,0,0,0,0.0,0,0,0,0.0,0,0,0,0,0,0,0.0,0,0.0,0,0,0,0,0,0,0,0,0,0,0,0,0,0,0,0,0,0,0,0,0,0,0,0,0,0,0,0,0,0,0,0,0,0,0,0,0,0,0,0,0,0.0,0,0,0,0,100.0,0,100.0,0,100.0,0.0,100.0,0,0,0,0.0,0,100.0,0,0,0,0,0,0,0,0,0,0,0.0,0,6636992,0.0,14920.0,0.0,0
1718177080,100.0,0,100.0,0,100.0,0,0,0,0,0,0,0,0,0,0,0,0,0,0,0,0,0,0,0,0,0,0,0,0,0,0,0,0,0,0,0,0,0,0,0,0,0,0,0,0,0,0,0,0,0,0,0,0,0,0,0,0,0,0,0,0,0,0,0,0,0,0,0,0,0,0,100.0,0,100.0,0,100.0,0,100.0,0,0,0,0,0,100.0,0,0,0,0,0,0,0,0,0,0,0,0,6636992,0.0,22480.0,0.0,0
1718177081,100.0,0,100.0,0.0,0,100.0,0,0.0,0,0,0,0.0,0,100.0,0,0.0,0,0,0,0,0,0,0.0,100.0,0.0,0,0,0,0,0,0,0,0,0,0,0,0,0,0,0,0,0,0,0,0,0,0,0,0,0,0,0,0,0,0,0,0,0,0,0,0,0,0,0,0,0,0.0,0,0,0,0,0,0,0,0,100.0,0.0,100.0,0,0,0,0.0,0,100.0,0,0,0,0,0,0,0,0,0,0,0.0,0,6636196,0.0,21540.0,0.0,0
1718177082,100.0,0,100.0,0,0,100.0,0,0,0,0,0,0,0,100.0,0,0,0,0,0,0,0,0,0,100.0,0,0,0,0,0,0,0,0,0,0,0,0,0,0,0,0,0,0,0,0,0,0,0,0,0,0,0,0,0,0,0,0,0,0,0,0,0,0,0,0,0,0,0,0,0,0,0,0,0,0,0,100.0,0,100.0,0,0,0,0,0,100.0,0,0,0,0,0,0,0,0,0,0,0,0,6636196,0.0,22528.0,0.0,0
1718177083,100.0,0,100.0,0,0,100.0,0,0,0,0,0,0,0,100.0,0,0,0,0,0,0,0,0,0,100.0,0,0,0,0,0,0,0,0,0,0,0,0,0,0,0,0,0,0,0,0,0,0,0,0,0,0,0,0,0,0,0,0,0,0,0,0,0,0,0,0,0,0,0,0,0,0,0,0,0,0,0,100.0,0,100.0,0,0,0,0,0,100.0,0,0,0,0,0,0,0,0,0,0,0,0,6636196,0.0,22444.0,0.0,0
1718177084,100.0,0,100.0,0,0,100.0,0,0,0,0,0,0,0,100.0,0,0,0,0,0,0,0,0,0,100.0,0,0,0,0,0,0,0,0,0,0,0,0,0,0,0,0,0,0,0,0,0,0,0,0,0,0,0,0,0,0,0,0,0,0,0,0,0,0,0,0,0,0,0,0,0,0,0,0,0,0,0,100.0,0,100.0,0,0,0,0,0,100.0,0,0,0,0,0,0,0,0,0,0,0,0,6636196,0.0,22484.0,0.0,0
1718177085,0,0,100.0,0,0,100.0,0,0,0,0,0,0,0,100.0,0,0,0,0,0,0,0,0,0,100.0,0,0,0,0,0,0,0,0,0,0,0,0,0,0,0,0,0,0,0,0,0,0,0,0,100.0,0,0,0,0,0,0,0,0,0,0,0,0,0,0,0,0,0,0,0,0,0,0,0,0,0,0,100.0,0,100.0,0,0,0,0,0,100.0,0,0,0,0,0,0,0,0,0,0,0,0,6636196,0.0,22388.0,0.0,0
1718177086,0,100.0,100.0,0,0,0,0,0,0,0,0,0,0,100.0,0,0,0,0,0,0,0,0,0,99.0,0,0,0,0,0,0,0,0,0,0,0,0,0,0,0,0,0,0,0,0,0,0,0,0,100.0,0,0,0,0,0,0,0,0,0,0,0,0,0,0,0,0,0,0,0,0,0,0,0,0,0,0,100.0,0,100.0,0,0,0,0,0,99.0,0,0,0,0,0,0,0,0,0,0,0,0,6636196,0.0,22440.0,0.0,0
1718177087,0,100.0,100.0,0,0,0,0,0,0,0,0,0,0,100.0,0,0,0,0,0,0,0,0,0,101.0,0,0,0,0,0,0,0,0,0,0,0,0,0,0,0,0,0,0,0,0,0,0,0,0,100.0,0,0,0,0,0,0,0,0,0,0,0,0,0,0,0,0,0,0,0,0,0,0,0,0,0,0,100.0,0,100.0,0,0,0,0,0,101.0,0,0,0,0,0,0,0,0,0,0,0,0,6636196,0.0,22544.0,0.0,0
1718177088,100.0,100.0,100.0,0,0,0,0,0,0,0,0,0,0,100.0,0,0,0,0,0,0,0,0,0,100.0,0,0,0,0,0,0,0,0,0,0,0,0,0,0,0,0,0,0,0,0,0,0,0,0,0,0,0,0,0,0,0,0,0,0,0,0,0,0,0,0,0,0,0,0,0,0,0,0,0,0,0,100.0,0,100.0,0,0,0,0,0,100.0,0,0,0,0,0,0,0,0,0,0,0,0,6636196,0.0,22512.0,0.0,0
1718177089,100.0,100.0,100.0,0,0,0,0,0,0,0,0,0,0,0,0,0,0,0,0,0,0,0,0,100.0,0,0,0,0,0,0,0,0,0,0,0,0,0,0,0,0,0,0,0,0,0,0,0,0,0,0,0,0,0,0,0,0,0,0,0,0,0,100.0,0,0,0,0,0,0,0,0,0,0,0,0,0,100.0,0,100.0,0,0,0,0,0,100.0,0,0,0,0,0,0,0,0,0,0,0,0,6636196,0.0,22560.0,0.0,0
1718177090,100.0,100.0,100.0,0,0,0,0,0,0,0,0,0,0,0,0,0,0,0,0,0,0,0,0,100.0,0,0,0,0,0,0,0,0,0,0,0,0,0,0,0,0,0,0,0,0,0,0,0,0,0,0,0,0,0,0,0,0,0,0,0,0,0,100.0,0,0,0,0,0,0,0,0,0,0,0,0,0,100.0,0,100.0,0,0,0,0,0,100.0,0,0,0,0,0,0,0,0,0,0,0,0,6636196,0.0,22368.0,0.0,0
1718177091,0,0,100.0,0,0,0,0,0,0,0,0,0,0,0,0,0,0,0,0,0,0,0,0,0,0,0,0,0,0,0,0,0,0,0,0,0,0,0,0,0,0,0,0,0,0,0,0,0,100.0,0,0,0,0,0,0,0,0,0,0,0,0,0,0,0,0,0,0,0,0,0,0,0,0,0,0,0,0,0,0,0,0,0,0,0,0,0,0,0,0,0,0,0,0,0,0,0,6636196,0.0,22156.0,0.0,0
1718177092,13.0,0,0,14.0,0,0,0,14.0,0,9.0,0,15.0,0,0,0,14.0,0,0,0,0,0,0,14.0,0,15.0,0,0,0,0,0,0,0,0,0,0,0,0,0,0,0,0,0,0,0,0,0,0,0,0,0,0,0,0,0,0,0,0,0,0,0,0,0,0,0,0,0,14.0,0,0,0,0,0,0,0,0,0,0,0,0,0,0,14.0,0,0,0,0,0,0,0,0,0,0,0,0,0,0,6636196,72448.0,0.0,0.0,0
1718177093,0,0,0,0,0,0,0,81.0,0,0,0,0,96.0,95.0,0,96.0,0,0,0,0,0,0,0,0,94.0,3.0,0,0,0,2.0,0,0,0,0,0,0,0,0,0,0,0,0,0,0,0,0,0,0,96.0,58.0,0,0,0,0,0,0,0,2.0,0,96.0,0,0,0,0,0,0,0,3.0,0,2.0,97.0,0,0,0,0,0,0,0,0,2.0,0,95.0,0,3.0,0,2.0,0,0,0,0,0,0,0,0,0,0,6747556,0.0,0.0,0.0,0
1718177094,0,0,0,0,0,0,0,35.0,0,0,0,0,0.0,0.0,0,0.0,0,33.0,0,33.0,0,33.0,0,32.0,0.0,0,0,0,0,0,0,0,0,0,0,0,0,0,0,0,0,0,0,0,0,0,0,0,0.0,0.0,0,0,0,0,0,0,0,34.0,0,33.0,0,33.0,0,33.0,0,0,0,0,0,0,0.0,0,0,2.0,0,0,0,0,0,0,0,0.0,0,0,0,0,0,0,0,0,0,0,0,0,0,0,6642668,0.0,20864.0,0.0,0
1718177095,100.0,0,0,0,0,0,0,0,0,0,0,0,0,0,0,0,0,100.0,0,100.0,0,98.0,0,100.0,0,0,0,0,0,0,0,0,0,0,0,0,0,0,0,0,0,0,0,0,0,0,0,0,0,0,0,0,0,0,0,0,0,98.0,0,100.0,0,99.0,0,100.0,0,0,0,0,0,0,0,0,0,0,0,10.0,0,0,0,0,0,0,0,0,0,0,0,0,0,0,0,0,0,0,0,0,6642668,0.0,60460.0,0.0,0
1718177096,97.0,0,100.0,0,0,0,0,0,0,0,100.0,0,0.0,0.0,0,0.0,0,0,0,0,0,0,0,100.0,0.0,0,0,0,0,0,0,0,0,0,0,0,0,0,0,0,0,0,0,0,0,0,0,0,0.0,9.0,0,0,0,0,100.0,0,0,100.0,0,100.0,0,100.0,0,100.0,0,0,0,0,0,0,0.0,0,0,0,0,0,0,0,0,0,0,0.0,0,0,0,0,0,0,0,0,0,0,0,0,0,0,6642668,0.0,59696.0,0.0,0
1718177097,0,100.0,0,0,0,0,0,0,0,0,100.0,0,0,0,0,0,0,0,0,0,0,0,0,100.0,0,0,0,0,0,0,0,0,0,0,0,0,0,0,0,0,0,0,0,0,0,0,0,0,97.0,8.0,0,0,0,0,100.0,0,0,100.0,0,100.0,0,100.0,0,100.0,0,0,0,0,0,0,0,0,0,0,0,0,0,0,0,0,0,0,0,0,0,0,0,0,0,0,0,0,0,0,0,0,6642668,0.0,56972.0,0.0,0
1718177098,0,99.0,0,0,0,0,0,0,0,100.0,0,0,0,0,0,0,0,0,0,0,0,0,0,100.0,0,0,0,0,0,0,0,0,0,0,0,0,0,0,0,0,0,0,0,0,0,0,0,0,99.0,5.0,0,0,98.0,0,98.0,0,0,0,0,100.0,0,100.0,0,100.0,0,0,0,0,0,0,0,0,0,0,0,0,0,0,0,0,0,0,0,0,0,0,0,0,0,0,0,0,0,0,0,0,6642668,0.0,57904.0,0.0,0
1718177099,0,100.0,0,0,0,0,0,0,0,100.0,0,0,0,0,0,0,0,0,0,0,0,0,0,99.0,0,0,0,0,0,0,0,0,0,0,0,0,0,0,0,0,0,0,0,0,0,7.0,0,0,100.0,0,0,0,98.0,0,100.0,0,0,0,0,100.0,0,100.0,0,100.0,0,0,0,0,0,0,0,0,0,0,0,0,0,0,0,0,0,0,0,0,0,0,0,0,0,0,0,0,0,0,0,0,6642668,0.0,58576.0,0.0,0
1718177100,0,100.0,0,0,0,0,0,0,0,100.0,0,0,0,0,0,0,0,0,0,0,0,0,0,100.0,0,0,0,0,0,0,0,0,0,0,0,0,0,0,0,0,0,0,0,0,0,0,0,0,99.0,0,0,0,97.0,0,100.0,0,0,0,0,99.0,0,99.0,0,100.0,0,0,0,0,0,0,0,0,0,0,0,0,0,0,0,10.0,0,0,0,0,0,0,0,0,0,0,0,0,0,0,0,0,6642668,0.0,60592.0,0.0,0
1718177101,99.0,99.0,0,0,99.0,0,0,0,0,100.0,0,0,0,0,0,0,0,0,0,0,0,0,0,98.0,0,0,0,0,0,0,0,0,0,0,0,0,0,0,0,0,0,0,0,0,0,0,0,0,0,0,0,0,0,0,99.0,0,0,0,0,100.0,0,100.0,0,100.0,0,0,0,0,0,0,0,0,0,0,0,0,0,9.0,0,0,0,0,0,0,0,0,0,0,0,0,0,0,0,0,0,0,6642668,0.0,58552.0,0.0,0
1718177102,100.0,100.0,0,0,96.0,0,0,10.0,0,100.0,0,0,0,0,0,0,0,0,0,0,0,0,0,100.0,0,0,0,0,0,0,0,0,0,0,0,0,0,0,0,0,0,0,0,0,0,0,0,0,0,0,0,0,0,0,100.0,0,0,0,0,100.0,0,100.0,0,100.0,0,0,0,0,0,0,0,0,0,0,0,0,0,0,0,0,0,0,0,0,0,0,0,0,0,0,0,0,0,0,0,0,6642668,0.0,58688.0,0.0,0
1718177103,100.0,100.0,0,0,0,0,0,0,98.0,100.0,0,0,0,0,0,0,0,0,0,0,0,0,0,99.0,0,0,0,0,0,0,0,0,0,0,0,0,0,0,0,0,0,0,0,0,0,0,0,0,0,0,0,0,0,0,100.0,0,0,0,0,100.0,0,100.0,0,100.0,0,0,0,0,0,0,0,10.0,0,0,0,0,0,0,0,0,0,0,0,0,0,0,0,0,0,0,0,0,0,0,0,0,6642668,0.0,59244.0,0.0,0
1718177104,100.0,100.0,0,0,0,0,0,0,95.0,100.0,0,0,0,0,0,100.0,0,0,0,0,0,0,0,100.0,0,0,0,0,0,0,0,0,0,8.0,0,0,0,0,0,0,0,0,0,0,0,0,0,0,0,0,0,0,0,0,100.0,0,0,0,0,99.0,0,100.0,0,0,0,0,0,0,0,0,0,0,0,0,0,0,0,0,0,0,0,0,0,0,0,0,0,0,0,0,0,0,0,0,0,0,6642668,0.0,58396.0,0.0,0
1718177105,100.0,100.0,100.0,0,99.0,0,100.0,0,95.0,100.0,0,0,0,0,0,0,0,0,0,0,0,0,0,100.0,0,10.0,0,0,0,0,0,0,0,0,0,0,0,0,0,0,0,0,0,0,0,0,0,0,0,0,0,0,0,0,0,0,0,0,0,100.0,0,0,0,0,0,0,0,0,0,0,0,0,0,0,0,0,0,0,0,0,0,0,0,0,0,0,0,0,0,0,0,0,0,0,0,0,6642668,0.0,58112.0,0.0,0
1718177106,100.0,100.0,100.0,0,101.0,0,100.0,0,96.0,100.0,0,0,0,0,0,0,0,0,0,0,0,0,0,100.0,0,0,0,0,0,0,0,0,0,0,0,0,0,0,0,0,0,0,0,0,0,0,0,0,0,0,0,0,0,0,0,0,0,0,0,100.0,0,0,0,9.0,0,0,0,0,0,0,0,0,0,0,0,0,0,0,0,0,0,0,0,0,0,0,0,0,0,0,0,0,0,0,0,0,6642668,0.0,59340.0,0.0,0
1718177107,0,100.0,0,0,99.0,0,100.0,0,95.0,100.0,0,0,0,0,0,0,0,0,0,0,0,0,0,99.0,0,0,0,0,0,0,0,0,0,0,0,0,0,0,0,0,0,0,0,0,0,0,0,0,99.0,0,100.0,0,0,0,0,0,0,0,0,100.0,0,0,0,0,0,0,0,0,0,0,0,0,0,0,0,0,0,0,0,0,0,0,0,0,0,10.0,0,0,0,0,0,0,0,0,0,0,6642668,0.0,58520.0,0.0,0
1718177108,0,100.0,0,0,100.0,0,100.0,0,96.0,100.0,0,0,0,0,0,0,0,0,0,0,0,0,0,100.0,0,0,0,0,0,0,0,0,0,0,0,0,0,0,0,0,0,0,0,0,0,0,0,0,100.0,0,100.0,0,0,0,0,0,0,0,0,100.0,0,0,0,0,0,0,0,0,0,0,0,0,0,0,0,0,0,0,0,0,0,0,0,0,0,0,0,0,0,10.0,0,0,0,0,0,0,6642668,0.0,59664.0,0.0,0
1718177109,0,0,0,0,100.0,0,100.0,0,95.0,99.0,0,0,0,0,0,0,0,0,0,0,0,0,0,100.0,0,0,0,0,0,0,0,0,0,0,0,0,0,0,0,0,0,0,0,0,0,0,0,0,100.0,99.0,100.0,0,0,0,0,0,0,0,0,99.0,0,9.0,0,0,0,0,0,0,0,0,0,0,0,0,0,0,0,0,0,0,0,0,0,0,0,0,0,0,0,0,0,0,0,0,0,0,6642668,0.0,57184.0,0.0,0
1718177110,0,0,0,0,100.0,0,100.0,0,96.0,100.0,0,0,0,0,0,0,0,0,0,0,0,0,0,100.0,0,0,0,0,0,0,0,0,0,0,0,0,0,0,0,0,0,0,0,0,0,0,0,0,100.0,100.0,100.0,0,0,0,0,0,0,0,0,100.0,0,11.0,0,0,0,0,0,0,0,0,0,0,0,0,0,0,0,0,0,0,0,0,0,0,0,0,0,0,0,0,0,0,0,0,0,0,6642668,0.0,58800.0,0.0,0
1718177111,0,0,0,0,100.0,0,100.0,0,95.0,99.0,0,0,0,0,0,0,0,0,0,0,0,0,0,100.0,0,0,0,0,0,0,0,0,0,0,0,0,0,0,0,0,0,0,0,9.0,0,0,0,0,100.0,100.0,100.0,0,0,0,0,0,0,0,0,100.0,0,0,0,0,0,0,0,0,0,0,0,0,0,0,0,0,0,0,0,0,0,0,0,0,0,0,0,0,0,0,0,0,0,0,0,0,6642668,0.0,58464.0,0.0,0
1718177112,0,0,0,0,100.0,0,100.0,0,97.0,100.0,100.0,0,0,0,0,0,0,0,0,0,0,0,0,0,0,0,0,0,0,0,0,0,0,0,0,0,0,0,0,0,0,0,0,0,0,0,0,0,100.0,100.0,99.0,0,0,0,0,0,0,0,0,100.0,0,9.0,0,0,0,0,0,0,0,0,0,0,0,0,0,0,0,0,0,0,0,0,0,0,0,0,0,0,0,0,0,0,0,0,0,0,6642668,0.0,59360.0,0.0,0
1718177113,0,0,100.0,0,100.0,0,100.0,0,94.0,100.0,100.0,0,0,0,0,0,0,0,0,0,0,0,0,0,0,0,0,0,0,0,0,0,0,0,0,0,0,0,0,0,0,0,0,0,0,0,0,0,100.0,100.0,0,0,0,0,0,0,0,0,0,100.0,0,11.0,0,0,0,0,0,0,0,0,0,0,0,0,0,0,0,0,0,0,0,0,0,0,0,0,0,0,0,0,0,0,0,0,0,0,6642668,0.0,58832.0,0.0,0
1718177114,0,10.0,0,0,100.0,0,100.0,0,94.0,0,100.0,0,0,0,0,100.0,0,0,0,0,0,100.0,0,0,0,0,0,0,0,0,0,0,0,0,0,0,0,0,0,0,0,0,0,0,0,0,0,0,100.0,0,0,0,0,0,0,0,0,100.0,0,100.0,0,0,0,0,0,0,0,0,0,0,0,0,0,0,0,0,0,0,0,0,0,0,0,0,0,0,0,0,0,0,0,0,0,0,0,0,6642668,0.0,57140.0,0.0,0
1718177115,0,0,0,0,100.0,0,100.0,0,94.0,0,100.0,0,0,0,0,100.0,0,0,0,0,0,100.0,0,0,0,0,0,0,0,0,0,0,0,0,0,0,0,0,0,0,0,0,0,0,0,0,0,0,100.0,0,0,0,0,0,0,0,0,100.0,0,100.0,0,0,0,0,0,0,0,8.0,0,0,0,0,0,0,0,0,0,0,0,0,0,0,0,0,0,0,0,0,0,0,0,0,0,0,0,0,6642668,0.0,58640.0,0.0,0
1718177116,0,0,0,0,100.0,0,100.0,0,96.0,0,100.0,0,0,0,0,100.0,0,0,0,0,0,100.0,0,0,0,0,0,0,0,0,0,0,0,0,0,0,0,0,0,0,0,0,0,0,0,0,0,0,100.0,0,0,0,0,0,0,0,0,100.0,0,100.0,0,0,0,0,0,0,0,10.0,0,0,0,0,0,0,0,0,0,0,0,0,0,0,0,0,0,0,0,0,0,0,0,0,0,0,0,0,6642668,0.0,58976.0,0.0,0
1718177117,0,0,100.0,0,100.0,0,100.0,0,95.0,0,100.0,0,0,0,0,100.0,0,0,0,9.0,0,100.0,0,0,0,0,0,0,0,0,0,0,0,0,0,0,0,0,0,0,0,0,0,0,0,0,0,0,101.0,0,0,0,0,0,0,0,0,0,0,100.0,0,0,0,0,0,0,0,0,0,0,0,0,0,0,0,0,0,0,0,0,0,0,0,0,0,0,0,0,0,0,0,0,0,0,0,0,6642668,0.0,57808.0,0.0,0
1718177118,0,0,100.0,0,100.0,0,99.0,0,95.0,0,100.0,0,0,0,0,100.0,0,0,0,10.0,0,100.0,0,0,0,0,0,0,0,0,0,0,0,0,0,0,0,0,0,0,0,0,0,0,0,0,0,0,100.0,0,0,0,0,0,0,0,0,0,0,100.0,0,0,0,0,0,0,0,0,0,0,0,0,0,0,0,0,0,0,0,0,0,0,0,0,0,0,0,0,0,0,0,0,0,0,0,0,6642668,0.0,59124.0,0.0,0
1718177119,0,0,100.0,0,100.0,0,100.0,0,94.0,0,100.0,0,0,0,0,100.0,0,0,0,11.0,0,100.0,0,0,0,0,0,0,0,0,0,0,0,0,0,0,0,0,0,0,0,0,0,0,0,0,0,0,100.0,0,0,0,0,0,0,0,0,0,0,100.0,0,0,0,0,0,0,0,0,0,0,0,0,0,0,0,0,0,0,0,0,0,0,0,0,0,0,0,0,0,0,0,0,0,0,0,0,6642668,0.0,58000.0,0.0,0
1718177120,0,0,100.0,0,100.0,0,100.0,0,95.0,0,100.0,0,0,0,0,100.0,0,0,0,0,0,100.0,0,0,0,0,0,0,0,0,0,0,0,0,0,0,0,0,0,0,0,0,0,0,0,0,0,0,100.0,0,0,0,0,0,0,0,0,0,0,100.0,11.0,0,0,0,0,0,0,0,0,0,0,0,0,0,0,0,0,0,0,0,0,0,0,0,0,0,0,0,0,0,0,0,0,0,0,0,6642668,0.0,59364.0,0.0,0
1718177121,0,0,100.0,0,100.0,0,100.0,0,98.0,0,100.0,0,0,0,0,100.0,0,0,0,0,0,100.0,0,0,0,0,0,0,0,0,0,0,0,0,0,0,0,0,0,0,0,0,0,0,0,0,0,0,100.0,0,0,0,0,0,0,0,0,0,0,100.0,0,0,0,0,0,0,0,0,0,0,0,0,0,0,0,0,0,0,0,0,0,0,0,0,0,0,0,10.0,0,0,0,0,0,0,0,0,6642668,0.0,59924.0,0.0,0
1718177122,0,0,100.0,0,100.0,0,100.0,0,95.0,0,100.0,0,0,0,0,100.0,0,0,0,0,0,100.0,0,0,0,0,0,0,0,0,0,0,0,0,0,0,0,0,0,0,0,0,0,0,0,0,0,0,100.0,0,0,0,0,0,0,0,0,0,0,100.0,0,0,0,0,0,0,0,0,0,0,0,0,0,0,0,0,0,0,0,0,0,0,0,0,0,0,0,0,0,9.0,0,0,0,0,0,0,6642668,0.0,58800.0,0.0,0
1718177123,0,0,100.0,0,100.0,0,100.0,0,95.0,0,100.0,0,0,0,0,100.0,0,0,0,0,0,100.0,0,0,0,0,0,0,0,0,0,0,0,0,0,0,0,0,0,0,0,0,0,0,0,0,11.0,0,99.0,0,0,0,0,0,0,0,0,0,0,100.0,0,0,0,0,0,0,0,0,0,0,0,0,0,0,0,0,0,0,0,0,0,0,0,0,0,0,0,0,0,0,0,0,0,0,0,0,6642668,0.0,58888.0,0.0,0
1718177124,0,100.0,0,0,100.0,0,100.0,0,94.0,0,100.0,0,0,0,0,0,0,0,0,0,0,100.0,0,0,0,0,0,0,0,0,0,0,0,0,0,0,100.0,0,0,0,0,0,0,0,0,0,11.0,0,100.0,0,0,0,0,0,0,0,0,0,0,100.0,0,0,0,0,0,0,0,0,0,0,0,0,0,0,0,0,0,0,0,0,0,0,0,0,0,0,0,0,0,0,0,0,0,0,0,0,6642668,0.0,58112.0,0.0,0
1718177125,0,0,0,0,100.0,0,100.0,0,0,0,100.0,0,0,0,0,0,0,0,100.0,0,0,100.0,0,0,0,0,10.0,0,0,0,96.0,0,0,0,0,0,100.0,0,0,0,0,0,0,0,0,0,0,0,100.0,0,0,0,0,0,0,0,0,0,0,0,0,0,0,0,0,0,0,0,0,0,0,0,100.0,0,0,0,0,0,0,0,0,0,0,0,0,0,0,0,0,0,0,0,0,0,0,0,6642668,0.0,59492.0,0.0,0
1718177126,100.0,101.0,0,0,100.0,0,100.0,0,0,0,100.0,0,0,0,0,0,0,0,0,0,0,100.0,0,0,0,0,9.0,0,0,0,96.0,0,0,0,0,0,100.0,0,0,0,0,0,0,0,0,0,0,0,0,0,0,0,0,0,0,0,0,0,0,0,0,0,0,0,0,0,0,0,0,0,0,0,100.0,0,0,0,0,0,0,0,0,0,0,0,0,0,0,0,0,0,0,0,0,0,0,0,6642668,0.0,59400.0,0.0,0
1718177127,0,0,0,100.0,100.0,0,100.0,0,0,0,100.0,0,0,0,0,0,0,0,0,0,0,100.0,0,0,0,0,0,0,0,0,95.0,0,0,0,0,0,100.0,0,0,0,0,0,0,0,0,0,0,0,0,99.0,0,0,0,0,0,0,0,0,0,0,0,0,0,0,0,0,0,0,0,0,0,0,100.0,0,10.0,0,0,0,0,0,0,0,0,0,0,0,0,0,0,0,0,0,0,0,0,0,6642668,0.0,59688.0,0.0,0
1718177128,0,0,0,100.0,0,0,100.0,0,0,0,100.0,0,0,0,0,0,0,0,0,0,0,100.0,0,0,0,0,10.0,0,0,0,95.0,0,0,0,0,0,100.0,0,0,0,0,100.0,0,0,0,0,0,0,0,100.0,0,0,0,0,0,0,0,0,0,0,0,0,0,0,0,0,0,0,0,0,0,0,100.0,0,0,0,0,0,0,0,0,0,0,0,0,0,0,0,0,0,0,0,0,0,0,0,6642668,0.0,58824.0,0.0,0
1718177129,0,0,0,100.0,0,0,100.0,0,0,0,100.0,0,0,0,0,0,0,0,0,0,0,100.0,0,0,0,0,10.0,0,0,0,96.0,0,0,0,0,0,100.0,0,0,0,0,100.0,0,0,0,0,0,0,0,100.0,0,0,0,0,0,0,0,0,0,0,0,0,0,0,0,0,0,0,0,0,0,0,100.0,0,0,0,0,0,0,0,0,0,0,0,0,0,0,0,0,0,0,0,0,0,0,0,6642668,0.0,59984.0,0.0,0
1718177130,0,0,0,0,0,0,100.0,0,9.0,0,100.0,0,0,0,0,0,0,0,0,0,0,100.0,0,0,0,0,0,0,0,0,95.0,0,0,0,0,0,100.0,0,0,0,0,100.0,0,0,0,0,0,0,0,100.0,0,100.0,0,0,0,0,0,0,0,0,0,0,0,0,0,0,0,0,0,0,0,0,100.0,0,0,0,0,0,0,0,0,0,0,0,0,0,0,0,0,0,0,0,0,0,0,0,6642668,0.0,59228.0,0.0,0
1718177131,0,0,0,0,0,0,100.0,0,0,0,100.0,0,0,0,0,0,0,0,0,0,0,100.0,0,0,0,0,0,0,0,0,95.0,0,0,0,0,0,100.0,0,0,0,0,100.0,0,0,0,0,0,0,0,100.0,0,100.0,0,0,0,0,0,0,0,0,0,0,0,0,10.0,0,0,0,0,0,0,0,100.0,0,0,0,0,0,0,0,0,0,0,0,0,0,0,0,0,0,0,0,0,0,0,0,6642668,0.0,58304.0,0.0,0
1718177132,0,0,0,0,0,0,100.0,0,0,0,99.0,0,0,0,0,0,0,0,0,0,0,100.0,0,0,0,0,0,0,0,0,95.0,0,0,0,0,0,99.0,0,0,0,0,99.0,0,0,0,0,0,0,0,100.0,0,100.0,0,0,0,0,0,0,0,0,0,0,0,0,11.0,0,0,0,0,0,0,0,100.0,0,0,0,0,0,0,0,0,0,0,0,0,0,0,0,0,0,0,0,0,0,0,0,6642668,0.0,58804.0,0.0,0
1718177133,0,0,0,0,0,0,100.0,0,0,0,101.0,0,0,0,0,0,0,0,0,0,0,100.0,0,0,0,0,0,0,0,0,97.0,0,0,0,0,0,100.0,0,0,0,0,100.0,0,0,0,0,0,0,0,100.0,0,100.0,0,0,0,0,0,0,0,0,0,0,0,0,0,0,0,0,0,0,7.0,0,99.0,0,0,0,0,0,0,0,0,0,0,0,0,0,0,0,0,0,0,0,0,0,0,0,6642668,0.0,59084.0,0.0,0
1718177134,99.0,0,0,0,0,0,0,0,0,0,98.0,0,0,0,0,0,0,0,0,0,0,99.0,0,0,0,0,0,0,0,0,96.0,0,0,0,0,0,100.0,0,0,0,0,100.0,0,10.0,0,0,0,0,0,100.0,0,0,0,0,99.0,0,0,0,0,0,0,0,0,0,0,0,0,0,0,0,0,0,100.0,0,0,0,0,0,0,0,0,0,0,0,0,0,0,0,0,0,0,0,0,0,0,0,6642668,0.0,59464.0,0.0,0
1718177135,0,0,0,0,0,0,0,0,0,0,100.0,0,0,0,0,0,0,0,0,0,0,100.0,0,0,0,0,0,0,0,0,98.0,0,0,0,0,0,100.0,0,0,0,0,100.0,0,0,0,0,0,0,100.0,100.0,0,0,0,0,100.0,0,0,0,0,0,0,10.0,0,0,0,0,0,0,0,0,0,0,100.0,0,0,0,0,0,0,0,0,0,0,0,0,0,0,0,0,0,0,0,0,0,0,0,6642668,0.0,60600.0,0.0,0
1718177136,0,0,0,0,0,0,0,0,0,0,0,0,0,0,0,0,0,0,0,0,0,100.0,0,0,0,0,0,0,0,0,96.0,0,0,100.0,0,0,100.0,0,0,0,0,100.0,0,0,0,0,0,0,100.0,100.0,0,0,0,0,100.0,0,0,0,0,0,0,11.0,0,0,0,0,0,0,0,0,0,0,100.0,0,0,0,0,0,0,0,0,0,0,0,0,0,0,0,0,0,0,0,0,0,0,0,6642668,0.0,59636.0,0.0,0
1718177137,0,0,0,0,0,0,0,0,0,0,0,0,0,0,0,0,0,0,0,0,0,100.0,0,0,0,0,0,0,0,0,97.0,0,0,100.0,0,0,100.0,0,0,0,0,100.0,0,0,0,0,0,0,100.0,99.0,0,0,0,0,100.0,0,0,0,0,0,0,0,0,0,0,0,0,0,0,0,0,0,100.0,0,0,0,0,0,0,9.0,0,0,0,0,0,0,0,0,0,0,0,0,0,0,0,0,6642668,0.0,59012.0,0.0,0
1718177138,0,0,0,0,0,0,0,0,0,0,0,0,0,0,0,0,0,0,0,10.0,0,100.0,0,0,0,0,0,0,0,0,97.0,0,0,100.0,0,0,100.0,0,0,0,0,100.0,0,0,0,0,0,0,100.0,101.0,0,0,0,0,100.0,0,0,0,0,0,0,0,0,0,0,0,0,0,0,0,0,0,100.0,0,0,0,0,0,0,0,0,0,0,0,0,0,0,0,0,0,0,0,0,0,0,0,6642668,0.0,59520.0,0.0,0
1718177139,0,0,100.0,0,0,0,0,0,0,0,0,0,0,0,0,0,0,0,0,10.0,0,100.0,0,0,0,0,0,0,0,0,96.0,0,0,100.0,0,0,100.0,0,0,0,0,100.0,0,0,0,0,0,0,100.0,0,0,0,0,0,100.0,0,0,0,0,0,0,0,0,0,0,0,0,0,0,0,0,0,100.0,0,0,0,0,0,0,0,0,0,0,0,0,0,0,0,0,0,0,0,0,0,0,0,6642668,0.0,60568.0,0.0,0
1718177140,0,0,100.0,0,0,0,0,0,0,0,0,0,0,0,0,0,0,0,0,0,0,100.0,0,0,0,0,0,0,0,0,96.0,0,0,100.0,0,0,100.0,0,0,0,0,100.0,0,0,0,0,0,0,100.0,0,0,0,0,0,99.0,0,0,0,0,0,0,0,0,0,0,0,0,0,0,0,0,0,101.0,0,0,0,0,0,0,0,0,0,0,0,0,0,0,0,0,0,0,0,0,0,0,11.0,6642668,0.0,58904.0,0.0,0
1718177141,0,0,100.0,0,0,0,0,0,0,0,0,0,0,0,0,0,0,0,0,0,0,100.0,0,0,0,0,0,0,0,0,97.0,0,0,100.0,0,0,99.0,0,0,10.0,0,100.0,0,0,0,0,0,0,100.0,0,0,0,0,0,100.0,0,0,0,0,0,0,0,0,0,0,0,0,0,0,0,0,0,100.0,0,0,0,0,0,0,0,0,0,0,0,0,0,0,0,0,0,0,0,0,0,0,0,6642668,0.0,59696.0,0.0,0
1718177142,100.0,100.0,0,0,0,0,0,0,0,0,0,0,0,0,0,0,0,0,0,0,0,100.0,0,0,0,0,0,0,0,0,95.0,0,0,100.0,0,0,100.0,0,0,0,0,100.0,0,0,0,0,0,0,0,0,0,0,0,0,101.0,0,0,0,0,10.0,0,0,0,0,0,0,0,0,0,0,0,0,100.0,0,0,0,0,0,0,0,0,0,0,0,0,0,0,0,0,0,0,0,0,0,0,0,6642668,0.0,59860.0,0.0,0
1718177143,100.0,100.0,0,0,0,0,0,0,0,0,0,0,0,0,0,0,0,0,0,0,0,100.0,0,0,0,0,11.0,0,0,0,0,0,0,100.0,0,0,100.0,0,0,0,0,100.0,0,0,0,0,0,0,0,0,0,0,0,0,100.0,0,0,0,0,0,0,0,0,0,0,0,0,0,0,0,0,0,100.0,0,0,0,0,0,0,0,0,0,97.0,0,0,0,0,0,0,0,0,0,0,0,0,0,6642668,0.0,58632.0,0.0,0
1718177144,100.0,100.0,0,0,0,0,0,0,0,0,0,0,0,0,0,0,0,0,0,0,0,100.0,0,0,0,0,10.0,0,0,0,0,0,0,100.0,0,0,100.0,0,0,0,0,100.0,0,0,0,0,0,0,0,0,0,0,0,0,100.0,0,0,0,0,0,0,0,0,0,0,0,0,0,0,0,0,0,100.0,0,0,0,0,0,0,0,0,0,95.0,0,0,0,0,0,0,0,0,0,0,0,0,0,6642668,0.0,58908.0,0.0,0
1718177145,0,0,100.0,0,0,0,0,0,0,0,0,0,0,0,0,0,0,0,0,0,0,100.0,0,0,0,0,0,0,9.0,0,0,0,0,0,0,0,100.0,0,0,0,0,99.0,0,0,99.0,0,0,0,100.0,0,0,0,0,0,100.0,0,0,0,0,0,0,0,0,0,0,0,0,0,0,0,0,0,100.0,0,0,0,0,0,0,0,0,0,97.0,0,0,0,0,0,0,0,0,0,0,0,0,0,6642668,0.0,59780.0,0.0,0
1718177146,0,0,101.0,0,0,0,0,0,0,0,0,0,0,0,0,0,0,0,0,0,0,99.0,0,0,100.0,0,0,0,10.0,0,0,0,0,0,0,0,101.0,0,0,0,0,100.0,0,0,100.0,0,0,0,100.0,0,0,0,0,0,100.0,0,0,0,0,0,0,0,0,0,0,0,0,0,0,0,0,0,0,0,0,0,0,0,0,0,0,0,95.0,0,0,0,0,0,0,0,0,0,0,0,0,0,6642668,0.0,58988.0,0.0,0
1718177147,0,100.0,0,0,0,0,0,0,0,0,0,0,0,0,0,0,0,0,0,0,0,100.0,0,0,100.0,0,0,10.0,0,0,0,0,0,0,0,0,100.0,0,0,0,0,100.0,0,0,100.0,0,0,0,100.0,0,0,0,0,0,100.0,0,0,0,0,0,0,0,0,0,0,0,0,0,0,0,0,0,0,0,0,0,0,0,0,0,0,0,95.0,0,0,0,0,0,0,0,0,0,0,0,0,0,6642668,0.0,57012.0,0.0,0
1718177148,0,100.0,0,0,0,0,0,0,0,0,0,0,0,0,0,0,0,0,0,0,0,100.0,0,0,100.0,0,0,10.0,0,0,0,0,0,0,0,0,100.0,0,0,0,0,100.0,0,0,100.0,0,0,0,100.0,0,0,0,0,0,100.0,0,0,0,0,0,0,0,0,0,0,0,0,0,0,0,0,0,0,0,0,0,0,0,0,0,0,0,95.0,0,0,0,0,0,0,0,0,0,0,0,0,0,6642668,0.0,59456.0,0.0,0
1718177149,0,100.0,0,0,0,0,0,0,0,0,0,0,0,0,0,0,0,0,0,0,0,100.0,0,0,100.0,0,0,10.0,0,0,0,0,0,0,0,0,100.0,0,0,0,0,100.0,0,0,100.0,0,0,0,100.0,0,0,0,0,0,100.0,0,0,0,0,0,0,0,0,0,0,0,0,0,0,0,0,0,0,0,0,0,0,0,0,0,0,0,95.0,0,0,0,0,0,0,0,0,0,0,0,0,0,6642668,0.0,59724.0,0.0,0
1718177150,0,98.0,0,0,0,0,0,0,0,0,0,0,0,0,0,0,0,0,0,0,0,100.0,0,0,100.0,0,0,0,0,0,0,0,0,0,0,0,100.0,0,0,0,0,100.0,0,0,100.0,0,0,0,100.0,0,0,0,0,0,98.0,0,0,0,0,0,0,0,0,0,0,0,0,11.0,0,0,0,0,0,0,0,0,0,0,0,0,0,0,97.0,0,0,0,0,0,0,0,0,0,0,0,0,0,6642668,0.0,60112.0,0.0,0
1718177151,0,100.0,0,0,0,0,0,0,0,0,0,0,0,0,0,0,0,0,0,0,0,100.0,0,0,100.0,0,0,0,0,0,0,0,0,0,0,0,100.0,0,0,0,0,0,0,0,100.0,0,0,0,100.0,0,0,0,0,0,100.0,0,0,0,0,0,0,0,0,0,0,0,0,0,0,0,0,9.0,0,0,0,0,0,0,0,0,0,0,96.0,0,0,0,0,0,100.0,0,0,0,0,0,0,0,6642668,0.0,59292.0,0.0,0
1718177152,0,100.0,0,100.0,0,0,0,0,0,0,0,0,0,0,0,0,0,0,0,0,0,100.0,0,0,0,0,0,0,0,0,0,0,0,0,0,0,100.0,0,0,0,0,0,0,0,100.0,0,0,0,100.0,0,0,0,0,0,100.0,0,0,0,0,0,10.0,0,0,0,0,0,0,0,0,0,0,0,0,0,0,0,0,0,0,0,0,0,97.0,0,0,0,0,0,100.0,0,0,0,0,0,0,0,6642668,0.0,61608.0,0.0,0
1718177153,0,98.0,0,99.0,0,0,0,0,0,0,0,0,0,0,0,0,0,0,0,0,0,97.0,0,0,0,0,0,0,0,0,0,0,0,0,0,0,100.0,0,0,0,0,0,0,0,100.0,0,0,0,100.0,0,0,0,10.0,0,100.0,0,0,0,0,0,0,0,0,0,0,0,0,0,0,0,0,0,0,0,0,0,0,0,0,0,0,0,98.0,0,0,0,0,0,101.0,0,0,0,0,0,0,0,6642668,0.0,59740.0,0.0,0
1718177154,0,98.0,0,100.0,0,0,0,0,0,0,0,0,0,0,0,0,0,0,0,0,0,0,0,0,0,0,0,0,0,0,0,0,0,0,0,0,99.0,0,0,0,0,0,0,0,100.0,0,0,0,99.0,0,0,0,10.0,0,100.0,0,0,0,0,0,0,0,0,0,0,0,0,0,0,100.0,0,0,0,0,0,0,0,0,0,0,0,0,96.0,0,0,0,0,0,98.0,0,0,0,0,0,0,0,6642668,0.0,58596.0,0.0,0
1718177155,0,0,0,0,0,0,0,0,0,0,0,0,0,0,0,0,0,0,0,0,0,0,0,0,0,0,99.0,0,0,0,0,0,100.0,0,0,0,100.0,0,99.0,0,0,0,0,0,100.0,0,0,0,100.0,0,0,0,0,0,100.0,0,0,0,0,0,0,0,0,0,0,0,0,0,0,0,0,0,0,0,0,0,0,0,0,0,0,0,98.0,0,0,0,9.0,0,100.0,0,0,0,0,0,0,0,6642668,0.0,61628.0,0.0,0
1718177156,0,99.0,0,0,0,0,0,0,0,0,0,0,0,0,0,0,0,0,0,0,0,0,0,0,0,0,0,0,0,0,0,0,0,0,6.0,0,100.0,0,100.0,0,0,0,0,0,100.0,0,0,0,100.0,0,0,0,0,0,100.0,0,0,0,0,0,0,0,0,0,0,0,0,0,0,0,0,0,0,0,100.0,0,0,0,0,0,0,0,98.0,0,0,0,0,0,100.0,0,0,0,0,0,0,0,6642668,0.0,60824.0,0.0,0
1718177157,0,100.0,0,101.0,0,101.0,0,0,0,0,0,0,0,0,0,0,0,0,0,0,0,0,0,0,0,0,0,0,0,0,0,0,0,0,0,0,6.0,0,0,0,0,0,0,0,100.0,0,0,0,100.0,0,0,0,0,0,99.0,0,0,0,0,0,0,0,0,0,0,0,0,0,0,0,0,0,0,0,100.0,0,0,0,0,0,0,0,98.0,0,0,0,0,0,100.0,0,0,0,0,0,0,0,6642668,0.0,59252.0,0.0,0
1718177158,0,100.0,100.0,0,0,99.0,0,0,0,0,0,0,0,0,0,0,0,0,0,0,0,0,0,0,0,0,0,0,0,0,0,0,0,0,0,0,0,0,100.0,0,0,0,0,0,10.0,0,0,0,100.0,0,0,0,0,0,100.0,0,0,0,0,0,0,0,0,0,0,0,0,0,0,0,0,0,0,0,100.0,0,0,0,0,0,0,0,95.0,0,0,0,0,0,100.0,0,0,0,0,0,0,0,6642668,0.0,58796.0,0.0,0
1718177159,0,99.0,0,0,0,100.0,0,0,0,0,0,0,100.0,0,0,0,0,0,0,0,0,0,0,0,0,0,0,0,0,0,0,0,0,0,0,0,0,0,100.0,0,0,0,0,0,10.0,0,0,0,100.0,0,0,0,0,0,100.0,0,0,0,0,0,0,0,0,0,0,0,0,0,0,0,0,0,0,0,100.0,0,0,0,0,0,0,0,97.0,0,0,0,0,0,100.0,0,0,0,0,0,0,0,6642668,0.0,62276.0,0.0,0
1718177160,100.0,100.0,0,100.0,0,100.0,0,0,0,0,0,0,0,0,0,0,0,0,0,0,0,0,0,0,0,0,0,0,0,0,0,0,0,0,0,0,0,0,99.0,0,0,0,0,0,10.0,0,0,0,0,0,0,0,0,0,100.0,0,0,0,0,0,0,0,0,0,0,0,0,0,0,0,0,0,0,0,100.0,0,0,0,0,0,0,0,98.0,0,0,0,0,0,100.0,0,0,0,0,0,0,0,6642668,0.0,61504.0,0.0,0
1718177161,0,100.0,0,100.0,0,101.0,0,100.0,0,0,0,0,0,0,0,0,0,0,0,0,0,0,0,0,0,0,7.0,0,0,0,0,0,0,0,0,0,0,0,0,0,0,0,0,0,0,0,0,0,100.0,0,0,0,0,0,100.0,0,0,0,0,0,0,0,0,0,0,0,0,0,0,0,0,0,0,0,100.0,0,0,0,0,0,0,0,97.0,0,0,0,0,0,100.0,0,0,0,0,0,0,0,6642668,0.0,59680.0,0.0,0
1718177162,99.0,99.0,0,99.0,0,96.0,0,99.0,0,0,0,0,0,0,0,0,0,0,0,0,0,0,0,0,0,0,7.0,0,0,0,0,0,0,0,0,0,0,0,0,0,0,0,0,0,0,0,0,0,0,0,0,0,0,0,96.0,0,0,0,0,0,0,0,0,0,0,0,0,0,0,0,0,0,0,0,97.0,0,0,0,0,0,0,0,98.0,0,0,0,0,0,98.0,0,0,0,0,0,0,0,6642668,0.0,59492.0,0.0,0
1718177163,0,100.0,99.0,100.0,0,99.0,0,0,0,0,0,0,0,0,0,0,0,0,0,0,0,0,0,0,0,0,0,0,8.0,0,0,0,0,0,0,0,0,0,0,0,0,0,0,0,0,0,0,0,100.0,0,0,0,0,0,99.0,0,0,0,0,0,0,0,0,0,0,0,0,0,0,0,0,0,0,0,98.0,0,0,0,0,0,0,0,99.0,0,0,0,0,0,100.0,0,0,0,0,0,0,0,6642668,0.0,60232.0,0.0,0
1718177164,100.0,101.0,0,100.0,100.0,100.0,0,0,0,0,0,0,0,0,0,0,0,0,0,0,0,0,0,0,0,0,0,0,0,0,0,0,0,0,0,0,0,0,10.0,0,0,0,0,0,0,0,0,0,0,0,0,0,0,0,100.0,0,0,0,0,0,0,0,0,0,0,0,0,0,0,0,0,0,0,0,100.0,0,0,0,0,0,0,0,95.0,0,0,0,0,0,100.0,0,0,0,0,0,0,0,6642668,0.0,60996.0,0.0,0
1718177165,0,100.0,0,100.0,100.0,100.0,0,0,0,0,0,0,0,0,0,0,0,0,0,0,0,9.0,0,0,0,0,0,0,0,0,0,0,0,0,0,0,0,0,0,0,0,0,0,0,0,0,0,0,100.0,0,0,0,0,0,100.0,0,0,0,0,0,0,0,0,0,0,0,0,0,0,0,0,0,0,0,100.0,0,0,0,0,0,0,0,93.0,0,0,0,0,0,100.0,0,0,0,0,0,0,0,6642668,0.0,60820.0,0.0,0
1718177166,100.0,100.0,0,100.0,100.0,100.0,0,0,0,0,0,0,0,0,0,0,0,0,0,0,0,11.0,0,0,0,0,0,0,0,0,0,0,0,0,0,0,0,0,0,0,0,0,0,0,0,0,0,0,0,0,0,0,0,0,101.0,0,0,0,0,0,0,0,0,0,0,0,0,0,0,0,0,0,0,0,100.0,0,0,0,0,0,0,0,97.0,0,0,0,0,0,100.0,0,0,0,0,0,0,0,6642668,0.0,59840.0,0.0,0
1718177167,94.0,96.0,0,97.0,96.0,93.0,0,0,0,0,0,0,0,0,0,0,0,0,0,0,0,0,0,0,0,0,0,0,0,0,0,0,0,0,0,0,0,0,0,0,0,0,0,10.0,0,0,0,0,0,0,0,0,0,0,95.0,0,0,0,0,0,0,0,0,0,0,0,0,0,0,0,0,0,0,0,99.0,0,0,0,0,0,0,0,100.0,0,0,0,0,0,95.0,0,0,0,0,0,0,0,6642668,0.0,55336.0,0.0,0
1718177168,0,0,0,0,0,0,0,0,0,0,0,0,0.0,0.0,0,0.0,0,0,0,0,0,0,0,0,0.0,0,0,0,0,0,0,0,0,0,0,0,0,0,0,0,0,0,0,0,0,0,0,0,0.0,0.0,0,0,0,0,0,0,0,0,0,0.0,0,0,0,0,0,0,0,0,0,0,0.0,0,0,0,0,0,0,0,0,0,0,0.0,99.0,0,0,0,0,0,0,0,0,0,0,0,0,0,6642668,0.0,0.0,0.0,0
1718177169,0,0,0,0,0,0,0,0,0,0,0,0,0,0,0,0,0,0,0,0,0,0,0,0,0,0,0,0,0,0,0,0,0,0,0,0,0,0,0,0,0,0,0,0,0,0,0,0,0,0,0,0,0,0,0,0,0,0,0,0,0,0,0,0,0,0,0,0,0,0,0,0,0,0,0,0,0,0,0,0,0,0,0,0,37.0,0,0,0,0,0,0,0,0,0,0,0,6642668,0.0,0.0,0.0,0
1718177170,0,0,0,0,0,0,0,0,0,0,0,0,0,0,0,0,0,0,0,0,0,0,0,0,0,0,0,0,0,0,0,0,0,0,0,0,0,0,0,0,0,0,0,0,0,0,0,0,0,0,0,0,0,0,18.0,0,0,0,0,0,0,0,0,0,0,0,0,0,0,0,0,0,0,0,0,0,0,0,0,0,0,0,0,0,0,0,0,0,0,0,0,0,0,0,0,0,6642668,0.0,0.0,0.0,0
1718177171,0,0,0,0,0,0,0,0,0,0,0,0,0,0,0,0,0,0,0,0,0,0,0,0,0,0,0,0,0,0,0,0,0,0,0,0,16.0,0,0,0,0,0,0,0,0,0,0,0,0,0,0,0,0,0,0,0,0,0,0,0,0,0,0,0,0,0,0,0,0,0,0,0,0,0,0,0,0,0,0,0,0,0,0,0,0,0,0,0,0,0,0,0,0,0,0,0,6642668,0.0,0.0,0.0,0
1718177178,0,0,0,0,0,0,0,0,0,0,0,0,0,0,0,0,0,0,0,0,0,0,0,0,0,0,0,0,0,0,0,0,0,0,0,0,71.0,0,0,0,0,0,0,0,0,0,0,0,0,0,0,0,0,0,0,0,0,0,0,0,0,0,0,0,0,0,0,0,0,0,0,0,0,0,0,0,0,0,0,0,0,0,0,0,0,0,0,0,0,0,0,0,0,0,0,0,6642668,0.0,0.0,0.0,0
